zip_code,per_price,city_country,,,,zip_code,,city_country,, per_price ,
100,721401.6529,臺北市中正區,,,|,100,|,臺北市中正區,|," $721,402 ",|
103,589677.686,臺北市大同區,,,|,103,|,臺北市大同區,|," $589,678 ",|
104,630375.2066,臺北市中山區,,,|,104,|,臺北市中山區,|," $630,375 ",|
105,689421.4876,臺北市松山區,,,|,105,|,臺北市松山區,|," $689,421 ",|
106,810072.7273,臺北市大安區,,,|,106,|,臺北市大安區,|," $810,073 ",|
108,493537.1901,臺北市萬華區,,,|,108,|,臺北市萬華區,|," $493,537 ",|
110,653679.3388,臺北市信義區,,,|,110,|,臺北市信義區,|," $653,679 ",|
111,546869.4215,臺北市士林區,,,|,111,|,臺北市士林區,|," $546,869 ",|
112,454968.5951,臺北市北投區,,,|,112,|,臺北市北投區,|," $454,969 ",|
114,545082.6446,臺北市內湖區,,,|,114,|,臺北市內湖區,|," $545,083 ",|
115,556644.6281,臺北市南港區,,,|,115,|,臺北市南港區,|," $556,645 ",|
116,472360.3306,臺北市文山區,,,|,116,|,臺北市文山區,|," $472,360 ",|
200,168661.157,基隆市仁愛區,,,|,200,|,基隆市仁愛區,|," $168,661 ",|
201,151052.8926,基隆市信義區,,,|,201,|,基隆市信義區,|," $151,053 ",|
202,121748.7603,基隆市中正區,,,|,202,|,基隆市中正區,|," $121,749 ",|
203,116211.5702,基隆市中山區,,,|,203,|,基隆市中山區,|," $116,212 ",|
204,137269.4215,基隆市安樂區,,,|,204,|,基隆市安樂區,|," $137,269 ",|
205,140201.6529,基隆市暖暖區,,,|,205,|,基隆市暖暖區,|," $140,202 ",|
206,162705.7851,基隆市七堵區,,,|,206,|,基隆市七堵區,|," $162,706 ",|
207,64885.95041,新北市萬里區,,,|,207,|,新北市萬里區,|," $64,886 ",|
208,156467.7686,新北市金山區,,,|,208,|,新北市金山區,|," $156,468 ",|
209,101851.2397,連江縣南竿鄉,,,|,209,|,連江縣南竿鄉,|," $101,851 ",|
220,413223.1405,新北市板橋區,,,|,220,|,新北市板橋區,|," $413,223 ",|
221,307467.7686,新北市汐止區,,,|,221,|,新北市汐止區,|," $307,468 ",|
222,261226.4462,新北市深坑區,,,|,222,|,新北市深坑區,|," $261,226 ",|
223,269857.8512,新北市石碇區,,,|,223,|,新北市石碇區,|," $269,858 ",|
224,91358.67769,新北市瑞芳區,,,|,224,|,新北市瑞芳區,|," $91,359 ",|
226,392145.4545,新北市平溪區,,,|,226,|,新北市平溪區,|," $392,145 ",|
227,83894.21488,新北市雙溪區,,,|,227,|,新北市雙溪區,|," $83,894 ",|
228,64480.99174,新北市貢寮區,,,|,228,|,新北市貢寮區,|," $64,481 ",|
231,365814.8761,新北市新店區,,,|,231,|,新北市新店區,|," $365,815 ",|
233,117226.4463,新北市烏來區,,,|,233,|,新北市烏來區,|," $117,226 ",|
234,454877.6859,新北市永和區,,,|,234,|,新北市永和區,|," $454,878 ",|
235,399894.2149,新北市中和區,,,|,235,|,新北市中和區,|," $399,894 ",|
236,352981.8182,新北市土城區,,,|,236,|,新北市土城區,|," $352,982 ",|
237,260922.314,新北市三峽區,,,|,237,|,新北市三峽區,|," $260,922 ",|
238,264366.9421,新北市樹林區,,,|,238,|,新北市樹林區,|," $264,367 ",|
239,196595.0413,新北市鶯歌區,,,|,239,|,新北市鶯歌區,|," $196,595 ",|
241,382717.3554,新北市三重區,,,|,241,|,新北市三重區,|," $382,717 ",|
242,377375.2066,新北市新莊區,,,|,242,|,新北市新莊區,|," $377,375 ",|
243,277649.5868,新北市泰山區,,,|,243,|,新北市泰山區,|," $277,650 ",|
244,275186.7769,新北市林口區,,,|,244,|,新北市林口區,|," $275,187 ",|
247,350330.5785,新北市蘆洲區,,,|,247,|,新北市蘆洲區,|," $350,331 ",|
248,276790.0826,新北市五股區,,,|,248,|,新北市五股區,|," $276,790 ",|
249,197342.1488,新北市八里區,,,|,249,|,新北市八里區,|," $197,342 ",|
251,223408.2645,新北市淡水區,,,|,251,|,新北市淡水區,|," $223,408 ",|
252,98277.68595,新北市三芝區,,,|,252,|,新北市三芝區,|," $98,278 ",|
253,81666.1157,新北市石門區,,,|,253,|,新北市石門區,|," $81,666 ",|
260,178626.4463,宜蘭縣宜蘭市,,,|,260,|,宜蘭縣宜蘭市,|," $178,626 ",|
261,199259.5042,宜蘭縣頭城鎮,,,|,261,|,宜蘭縣頭城鎮,|," $199,260 ",|
262,197537.1901,宜蘭縣礁溪鄉,,,|,262,|,宜蘭縣礁溪鄉,|," $197,537 ",|
263,155748.7603,宜蘭縣壯圍鄉,,,|,263,|,宜蘭縣壯圍鄉,|," $155,749 ",|
264,155553.719,宜蘭縣員山鄉,,,|,264,|,宜蘭縣員山鄉,|," $155,554 ",|
265,174689.2562,宜蘭縣羅東鎮,,,|,265,|,宜蘭縣羅東鎮,|," $174,689 ",|
266,157047.9339,宜蘭縣三星鄉,,,|,266,|,宜蘭縣三星鄉,|," $157,048 ",|
268,163338.843,宜蘭縣五結鄉,,,|,268,|,宜蘭縣五結鄉,|," $163,339 ",|
269,156819.8347,宜蘭縣冬山鄉,,,|,269,|,宜蘭縣冬山鄉,|," $156,820 ",|
270,128717.3554,宜蘭縣蘇澳鎮,,,|,270,|,宜蘭縣蘇澳鎮,|," $128,717 ",|
300,214834.7108,新竹市香山區,,,|,300,|,新竹市香山區,|," $214,835 ",|
302,232800,新竹縣竹北市,,,|,302,|,新竹縣竹北市,|," $232,800 ",|
303,159130.5785,新竹縣湖口鄉,,,|,303,|,新竹縣湖口鄉,|," $159,131 ",|
304,152214.8761,新竹縣新豐鄉,,,|,304,|,新竹縣新豐鄉,|," $152,215 ",|
305,171910.7438,新竹縣新埔鎮,,,|,305,|,新竹縣新埔鎮,|," $171,911 ",|
306,150033.0579,新竹縣關西鎮,,,|,306,|,新竹縣關西鎮,|," $150,033 ",|
307,155381.8182,新竹縣芎林鄉,,,|,307,|,新竹縣芎林鄉,|," $155,382 ",|
308,153866.1157,新竹縣寶山鄉,,,|,308,|,新竹縣寶山鄉,|," $153,866 ",|
310,145639.6695,新竹縣竹東鎮,,,|,310,|,新竹縣竹東鎮,|," $145,640 ",|
312,136928.9256,新竹縣橫山鄉,,,|,312,|,新竹縣橫山鄉,|," $136,929 ",|
314,122800,新竹縣北埔鄉,,,|,314,|,新竹縣北埔鄉,|," $122,800 ",|
315,79259.50413,新竹縣峨眉鄉,,,|,315,|,新竹縣峨眉鄉,|," $79,260 ",|
320,196509.0909,桃園市中壢區,,,|,320,|,桃園市中壢區,|," $196,509 ",|
324,160044.6281,桃園市平鎮區,,,|,324,|,桃園市平鎮區,|," $160,045 ",|
325,156671.0744,桃園市龍潭區,,,|,325,|,桃園市龍潭區,|," $156,671 ",|
326,139190.0826,桃園市楊梅區,,,|,326,|,桃園市楊梅區,|," $139,190 ",|
327,142915.7025,桃園市新屋區,,,|,327,|,桃園市新屋區,|," $142,916 ",|
328,162985.1239,桃園市觀音區,,,|,328,|,桃園市觀音區,|," $162,985 ",|
330,225742.1488,桃園市桃園區,,,|,330,|,桃園市桃園區,|," $225,742 ",|
333,214676.0331,桃園市龜山區,,,|,333,|,桃園市龜山區,|," $214,676 ",|
334,184753.719,桃園市八德區,,,|,334,|,桃園市八德區,|," $184,754 ",|
335,162221.4876,桃園市大溪區,,,|,335,|,桃園市大溪區,|," $162,221 ",|
336,46581.81818,桃園市復興區,,,|,336,|,桃園市復興區,|," $46,582 ",|
337,203310.7438,桃園市大園區,,,|,337,|,桃園市大園區,|," $203,311 ",|
338,207153.719,桃園市蘆竹區,,,|,338,|,桃園市蘆竹區,|," $207,154 ",|
350,160343.8017,苗栗縣竹南鎮,,,|,350,|,苗栗縣竹南鎮,|," $160,344 ",|
351,137173.5537,苗栗縣頭份市,,,|,351,|,苗栗縣頭份市,|," $137,174 ",|
352,70371.90083,苗栗縣三灣鄉,,,|,352,|,苗栗縣三灣鄉,|," $70,372 ",|
353,135148.7603,苗栗縣南庄鄉,,,|,353,|,苗栗縣南庄鄉,|," $135,149 ",|
354,164813.2231,苗栗縣獅潭鄉,,,|,354,|,苗栗縣獅潭鄉,|," $164,813 ",|
356,152733.8843,苗栗縣後龍鎮,,,|,356,|,苗栗縣後龍鎮,|," $152,734 ",|
357,81388.42975,苗栗縣通霄鎮,,,|,357,|,苗栗縣通霄鎮,|," $81,388 ",|
358,135788.4298,苗栗縣苑裡鎮,,,|,358,|,苗栗縣苑裡鎮,|," $135,788 ",|
360,135424.7934,苗栗縣苗栗市,,,|,360,|,苗栗縣苗栗市,|," $135,425 ",|
361,49788.42975,苗栗縣造橋鄉,,,|,361,|,苗栗縣造橋鄉,|," $49,788 ",|
362,59996.69421,苗栗縣頭屋鄉,,,|,362,|,苗栗縣頭屋鄉,|," $59,997 ",|
363,147041.3223,苗栗縣公館鄉,,,|,363,|,苗栗縣公館鄉,|," $147,041 ",|
364,123312.3967,苗栗縣大湖鄉,,,|,364,|,苗栗縣大湖鄉,|," $123,312 ",|
365,595193.3884,苗栗縣泰安鄉,,,|,365,|,苗栗縣泰安鄉,|," $595,193 ",|
366,135963.6364,苗栗縣銅鑼鄉,,,|,366,|,苗栗縣銅鑼鄉,|," $135,964 ",|
367,101411.5702,苗栗縣三義鄉,,,|,367,|,苗栗縣三義鄉,|," $101,412 ",|
368,272105.7851,苗栗縣西湖鄉,,,|,368,|,苗栗縣西湖鄉,|," $272,106 ",|
369,89018.18182,苗栗縣卓蘭鎮,,,|,369,|,苗栗縣卓蘭鎮,|," $89,018 ",|
400,147080.9917,臺中市中區,,,|,400,|,臺中市中區,|," $147,081 ",|
401,190948.7603,臺中市東區,,,|,401,|,臺中市東區,|," $190,949 ",|
402,182517.3554,臺中市南區,,,|,402,|,臺中市南區,|," $182,517 ",|
403,206375.2066,臺中市西區,,,|,403,|,臺中市西區,|," $206,375 ",|
404,185525.6199,臺中市北區,,,|,404,|,臺中市北區,|," $185,526 ",|
406,206680.9917,臺中市北屯區,,,|,406,|,臺中市北屯區,|," $206,681 ",|
407,240809.9174,臺中市西屯區,,,|,407,|,臺中市西屯區,|," $240,810 ",|
408,239725.6199,臺中市南屯區,,,|,408,|,臺中市南屯區,|," $239,726 ",|
411,192400,臺中市太平區,,,|,411,|,臺中市太平區,|," $192,400 ",|
412,190076.0331,臺中市大里區,,,|,412,|,臺中市大里區,|," $190,076 ",|
413,174105.7851,臺中市霧峰區,,,|,413,|,臺中市霧峰區,|," $174,106 ",|
414,186340.4959,臺中市烏日區,,,|,414,|,臺中市烏日區,|," $186,340 ",|
420,196072.7273,臺中市豐原區,,,|,420,|,臺中市豐原區,|," $196,073 ",|
421,187877.686,臺中市后里區,,,|,421,|,臺中市后里區,|," $187,878 ",|
422,156849.5868,臺中市石岡區,,,|,422,|,臺中市石岡區,|," $156,850 ",|
423,119750.4133,臺中市東勢區,,,|,423,|,臺中市東勢區,|," $119,750 ",|
426,120963.6364,臺中市新社區,,,|,426,|,臺中市新社區,|," $120,964 ",|
427,188335.5372,臺中市潭子區,,,|,427,|,臺中市潭子區,|," $188,336 ",|
428,197854.5454,臺中市大雅區,,,|,428,|,臺中市大雅區,|," $197,855 ",|
429,202517.3554,臺中市神岡區,,,|,429,|,臺中市神岡區,|," $202,517 ",|
432,161801.6529,臺中市大肚區,,,|,432,|,臺中市大肚區,|," $161,802 ",|
433,184105.7851,臺中市沙鹿區,,,|,433,|,臺中市沙鹿區,|," $184,106 ",|
434,168271.0744,臺中市龍井區,,,|,434,|,臺中市龍井區,|," $168,271 ",|
435,164294.2149,臺中市梧棲區,,,|,435,|,臺中市梧棲區,|," $164,294 ",|
436,166442.9752,臺中市清水區,,,|,436,|,臺中市清水區,|," $166,443 ",|
437,155375.2066,臺中市大甲區,,,|,437,|,臺中市大甲區,|," $155,375 ",|
438,138333.8843,臺中市外埔區,,,|,438,|,臺中市外埔區,|," $138,334 ",|
439,116358.6777,臺中市大安區,,,|,439,|,臺中市大安區,|," $116,359 ",|
500,165014.8761,彰化縣彰化市,,,|,500,|,彰化縣彰化市,|," $165,015 ",|
502,110705.7852,彰化縣芬園鄉,,,|,502,|,彰化縣芬園鄉,|," $110,706 ",|
503,166714.0496,彰化縣花壇鄉,,,|,503,|,彰化縣花壇鄉,|," $166,714 ",|
504,166257.8512,彰化縣秀水鄉,,,|,504,|,彰化縣秀水鄉,|," $166,258 ",|
505,159720.6612,彰化縣鹿港鎮,,,|,505,|,彰化縣鹿港鎮,|," $159,721 ",|
506,156170.248,彰化縣福興鄉,,,|,506,|,彰化縣福興鄉,|," $156,170 ",|
507,140773.5537,彰化縣線西鄉,,,|,507,|,彰化縣線西鄉,|," $140,774 ",|
508,166773.5537,彰化縣和美鎮,,,|,508,|,彰化縣和美鎮,|," $166,774 ",|
509,149550.4132,彰化縣伸港鄉,,,|,509,|,彰化縣伸港鄉,|," $149,550 ",|
510,170319.0083,彰化縣員林鎮,,,|,510,|,彰化縣員林鎮,|," $170,319 ",|
511,150723.9669,彰化縣社頭鄉,,,|,511,|,彰化縣社頭鄉,|," $150,724 ",|
512,150439.6694,彰化縣永靖鄉,,,|,512,|,彰化縣永靖鄉,|," $150,440 ",|
513,149798.3471,彰化縣埔心鄉,,,|,513,|,彰化縣埔心鄉,|," $149,798 ",|
514,161150.4132,彰化縣溪湖鎮,,,|,514,|,彰化縣溪湖鎮,|," $161,150 ",|
515,138841.3223,彰化縣大村鄉,,,|,515,|,彰化縣大村鄉,|," $138,841 ",|
516,140290.9091,彰化縣埔鹽鄉,,,|,516,|,彰化縣埔鹽鄉,|," $140,291 ",|
520,133097.5207,彰化縣田中鎮,,,|,520,|,彰化縣田中鎮,|," $133,098 ",|
521,151233.0579,彰化縣北斗鎮,,,|,521,|,彰化縣北斗鎮,|," $151,233 ",|
522,138952.0661,彰化縣田尾鄉,,,|,522,|,彰化縣田尾鄉,|," $138,952 ",|
523,140672.7273,彰化縣埤頭鄉,,,|,523,|,彰化縣埤頭鄉,|," $140,673 ",|
524,133705.7852,彰化縣溪州鄉,,,|,524,|,彰化縣溪州鄉,|," $133,706 ",|
525,77090.90909,彰化縣竹塘鄉,,,|,525,|,彰化縣竹塘鄉,|," $77,091 ",|
526,114647.9339,彰化縣二林鎮,,,|,526,|,彰化縣二林鎮,|," $114,648 ",|
527,60039.66942,彰化縣大城鄉,,,|,527,|,彰化縣大城鄉,|," $60,040 ",|
528,54327.27273,彰化縣芳苑鄉,,,|,528,|,彰化縣芳苑鄉,|," $54,327 ",|
530,74608.26446,彰化縣二水鄉,,,|,530,|,彰化縣二水鄉,|," $74,608 ",|
540,154809.9174,南投縣南投市,,,|,540,|,南投縣南投市,|," $154,810 ",|
541,69133.8843,南投縣中寮鄉,,,|,541,|,南投縣中寮鄉,|," $69,134 ",|
542,154332.2314,南投縣草屯鎮,,,|,542,|,南投縣草屯鎮,|," $154,332 ",|
544,92980.16529,南投縣國姓鄉,,,|,544,|,南投縣國姓鄉,|," $92,980 ",|
545,138472.7273,南投縣埔里鎮,,,|,545,|,南投縣埔里鎮,|," $138,473 ",|
551,108538.843,南投縣名間鄉,,,|,551,|,南投縣名間鄉,|," $108,539 ",|
552,90127.27272,南投縣集集鎮,,,|,552,|,南投縣集集鎮,|," $90,127 ",|
553,87137.19008,南投縣水里鄉,,,|,553,|,南投縣水里鄉,|," $87,137 ",|
555,115933.8843,南投縣魚池鄉,,,|,555,|,南投縣魚池鄉,|," $115,934 ",|
556,10735.53719,南投縣信義鄉,,,|,556,|,南投縣信義鄉,|," $10,736 ",|
557,104869.4215,南投縣竹山鎮,,,|,557,|,南投縣竹山鎮,|," $104,869 ",|
558,105980.1653,南投縣鹿谷鎮,,,|,558,|,南投縣鹿谷鎮,|," $105,980 ",|
600,126750.4132,嘉義市東區,,,|,600,|,嘉義市東區,|," $126,750 ",|
602,77072.72728,嘉義縣番路鄉,,,|,602,|,嘉義縣番路鄉,|," $77,073 ",|
603,111780.1653,嘉義縣梅山鄉,,,|,603,|,嘉義縣梅山鄉,|," $111,780 ",|
604,122234.7107,嘉義縣竹崎鄉,,,|,604,|,嘉義縣竹崎鄉,|," $122,235 ",|
606,125363.6364,嘉義縣中埔鄉,,,|,606,|,嘉義縣中埔鄉,|," $125,364 ",|
607,73745.45455,嘉義縣大埔鄉,,,|,607,|,嘉義縣大埔鄉,|," $73,745 ",|
608,115970.2479,嘉義縣水上鄉,,,|,608,|,嘉義縣水上鄉,|," $115,970 ",|
611,116261.157,嘉義縣鹿草鄉,,,|,611,|,嘉義縣鹿草鄉,|," $116,261 ",|
612,111537.1901,嘉義縣太保市,,,|,612,|,嘉義縣太保市,|," $111,537 ",|
613,101477.686,嘉義縣朴子市,,,|,613,|,嘉義縣朴子市,|," $101,478 ",|
614,34284.29752,嘉義縣東石鄉,,,|,614,|,嘉義縣東石鄉,|," $34,284 ",|
615,68238.01653,嘉義縣六腳鄉,,,|,615,|,嘉義縣六腳鄉,|," $68,238 ",|
616,123761.9835,嘉義縣新港鄉,,,|,616,|,嘉義縣新港鄉,|," $123,762 ",|
621,115352.0661,嘉義縣民雄鄉,,,|,621,|,嘉義縣民雄鄉,|," $115,352 ",|
622,96702.47934,嘉義縣大林鎮,,,|,622,|,嘉義縣大林鎮,|," $96,702 ",|
623,98395.04133,嘉義縣溪口鄉,,,|,623,|,嘉義縣溪口鄉,|," $98,395 ",|
624,65914.04959,嘉義縣義竹鄉,,,|,624,|,嘉義縣義竹鄉,|," $65,914 ",|
625,51090.90909,嘉義縣布袋鎮,,,|,625,|,嘉義縣布袋鎮,|," $51,091 ",|
630,125028.0992,雲林縣斗南鎮,,,|,630,|,雲林縣斗南鎮,|," $125,028 ",|
631,121676.0331,雲林縣大埤鄉,,,|,631,|,雲林縣大埤鄉,|," $121,676 ",|
632,134641.3223,雲林縣虎尾鎮,,,|,632,|,雲林縣虎尾鎮,|," $134,641 ",|
633,102947.1074,雲林縣土庫鎮,,,|,633,|,雲林縣土庫鎮,|," $102,947 ",|
634,62608.26446,雲林縣褒忠鄉,,,|,634,|,雲林縣褒忠鄉,|," $62,608 ",|
635,94148.76035,雲林縣東勢鄉,,,|,635,|,雲林縣東勢鄉,|," $94,149 ",|
636,58565.28925,雲林縣臺西鄉,,,|,636,|,雲林縣臺西鄉,|," $58,565 ",|
637,119352.0661,雲林縣崙背鄉,,,|,637,|,雲林縣崙背鄉,|," $119,352 ",|
638,113690.9091,雲林縣麥寮鄉,,,|,638,|,雲林縣麥寮鄉,|," $113,691 ",|
640,123543.8017,雲林縣斗六市,,,|,640,|,雲林縣斗六市,|," $123,544 ",|
643,70373.55372,雲林縣林內鄉,,,|,643,|,雲林縣林內鄉,|," $70,374 ",|
646,114651.2397,雲林縣古坑鄉,,,|,646,|,雲林縣古坑鄉,|," $114,651 ",|
647,111864.4628,雲林縣莿桐鄉,,,|,647,|,雲林縣莿桐鄉,|," $111,864 ",|
648,142333.8843,雲林縣西螺鎮,,,|,648,|,雲林縣西螺鎮,|," $142,334 ",|
649,86264.46281,雲林縣二崙鄉,,,|,649,|,雲林縣二崙鄉,|," $86,264 ",|
651,137606.6116,雲林縣北港鎮,,,|,651,|,雲林縣北港鎮,|," $137,607 ",|
652,81872.72728,雲林縣水林鄉,,,|,652,|,雲林縣水林鄉,|," $81,873 ",|
653,63527.27272,雲林縣口湖鄉,,,|,653,|,雲林縣口湖鄉,|," $63,527 ",|
654,87312.39669,雲林縣四湖鄉,,,|,654,|,雲林縣四湖鄉,|," $87,312 ",|
655,64528.92562,雲林縣元長鄉,,,|,655,|,雲林縣元長鄉,|," $64,529 ",|
700,172150.4132,臺南市中西區,,,|,700,|,臺南市中西區,|," $172,150 ",|
701,156406.6116,臺南市東區,,,|,701,|,臺南市東區,|," $156,407 ",|
702,138538.843,臺南市南區,,,|,702,|,臺南市南區,|," $138,539 ",|
704,167735.5372,臺南市北區,,,|,704,|,臺南市北區,|," $167,736 ",|
708,176353.719,臺南市安平區,,,|,708,|,臺南市安平區,|," $176,354 ",|
709,180335.5372,臺南市安南區,,,|,709,|,臺南市安南區,|," $180,336 ",|
710,151894.2149,臺南市永康區,,,|,710,|,臺南市永康區,|," $151,894 ",|
711,153651.2397,臺南市歸仁區,,,|,711,|,臺南市歸仁區,|," $153,651 ",|
712,118403.3058,臺南市新化區,,,|,712,|,臺南市新化區,|," $118,403 ",|
713,26628.09917,臺南市左鎮區,,,|,713,|,臺南市左鎮區,|," $26,628 ",|
714,94885.95042,臺南市玉井區,,,|,714,|,臺南市玉井區,|," $94,886 ",|
715,106145.4545,臺南市楠西區,,,|,715,|,臺南市楠西區,|," $106,145 ",|
716,49838.01653,臺南市南化區,,,|,716,|,臺南市南化區,|," $49,838 ",|
717,151365.2893,臺南市仁德區,,,|,717,|,臺南市仁德區,|," $151,365 ",|
718,143371.9008,臺南市關廟區,,,|,718,|,臺南市關廟區,|," $143,372 ",|
720,127421.4876,臺南市官田區,,,|,720,|,臺南市官田區,|," $127,421 ",|
721,137183.4711,臺南市麻豆區,,,|,721,|,臺南市麻豆區,|," $137,183 ",|
722,122634.7108,臺南市佳里區,,,|,722,|,臺南市佳里區,|," $122,635 ",|
723,132085.9504,臺南市西港區,,,|,723,|,臺南市西港區,|," $132,086 ",|
724,84441.32232,臺南市七股區,,,|,724,|,臺南市七股區,|," $84,441 ",|
725,109682.6446,臺南市將軍區,,,|,725,|,臺南市將軍區,|," $109,683 ",|
726,99636.36364,臺南市學甲區,,,|,726,|,臺南市學甲區,|," $99,636 ",|
727,43477.68595,臺南市北門區,,,|,727,|,臺南市北門區,|," $43,478 ",|
730,128910.7438,臺南市新營區,,,|,730,|,臺南市新營區,|," $128,911 ",|
731,73137.19008,臺南市後壁區,,,|,731,|,臺南市後壁區,|," $73,137 ",|
732,116905.7851,臺南市白河區,,,|,732,|,臺南市白河區,|," $116,906 ",|
733,78523.96695,臺南市東山區,,,|,733,|,臺南市東山區,|," $78,524 ",|
734,126800,臺南市六甲區,,,|,734,|,臺南市六甲區,|," $126,800 ",|
735,119828.0992,臺南市下營區,,,|,735,|,臺南市下營區,|," $119,828 ",|
736,134684.2975,臺南市柳營區,,,|,736,|,臺南市柳營區,|," $134,684 ",|
737,125857.8512,臺南市鹽水區,,,|,737,|,臺南市鹽水區,|," $125,858 ",|
741,163204.9587,臺南市善化區,,,|,741,|,臺南市善化區,|," $163,205 ",|
742,101451.2397,臺南市大內區,,,|,742,|,臺南市大內區,|," $101,451 ",|
743,135857.8512,臺南市山上區,,,|,743,|,臺南市山上區,|," $135,858 ",|
744,157424.7934,臺南市新市區,,,|,744,|,臺南市新市區,|," $157,425 ",|
745,153642.9752,臺南市安定區,,,|,745,|,臺南市安定區,|," $153,643 ",|
800,168314.0496,高雄市新興區,,,|,800,|,高雄市新興區,|," $168,314 ",|
801,190223.1405,高雄市前金區,,,|,801,|,高雄市前金區,|," $190,223 ",|
802,205264.4629,高雄市苓雅區,,,|,802,|,高雄市苓雅區,|," $205,264 ",|
803,132654.5455,高雄市鹽埕區,,,|,803,|,高雄市鹽埕區,|," $132,655 ",|
804,220095.8678,高雄市鼓山區,,,|,804,|,高雄市鼓山區,|," $220,096 ",|
805,62123.96694,高雄市旗津區,,,|,805,|,高雄市旗津區,|," $62,124 ",|
806,172879.3388,高雄市前鎮區,,,|,806,|,高雄市前鎮區,|," $172,879 ",|
807,175391.7355,高雄市三民區,,,|,807,|,高雄市三民區,|," $175,392 ",|
811,159228.0992,高雄市楠梓區,,,|,811,|,高雄市楠梓區,|," $159,228 ",|
812,151537.1901,高雄市小港區,,,|,812,|,高雄市小港區,|," $151,537 ",|
813,199900.8265,高雄市左營區,,,|,813,|,高雄市左營區,|," $199,901 ",|
814,194370.2479,高雄市仁武區,,,|,814,|,高雄市仁武區,|," $194,370 ",|
815,139682.6446,高雄市大社區,,,|,815,|,高雄市大社區,|," $139,683 ",|
820,146472.7273,高雄市岡山區,,,|,820,|,高雄市岡山區,|," $146,473 ",|
821,171325.6198,高雄市路竹區,,,|,821,|,高雄市路竹區,|," $171,326 ",|
822,120570.2479,高雄市阿蓮區,,,|,822,|,高雄市阿蓮區,|," $120,570 ",|
823,37803.30579,高雄市田寮區,,,|,823,|,高雄市田寮區,|," $37,803 ",|
824,112942.1488,高雄市燕巢區,,,|,824,|,高雄市燕巢區,|," $112,942 ",|
825,172770.2479,高雄市橋頭區,,,|,825,|,高雄市橋頭區,|," $172,770 ",|
826,141031.405,高雄市梓官區,,,|,826,|,高雄市梓官區,|," $141,031 ",|
827,150512.3967,高雄市彌陀區,,,|,827,|,高雄市彌陀區,|," $150,512 ",|
828,85388.42975,高雄市永安區,,,|,828,|,高雄市永安區,|," $85,388 ",|
829,105061.157,高雄市湖內區,,,|,829,|,高雄市湖內區,|," $105,061 ",|
830,168097.5207,高雄市鳳山區,,,|,830,|,高雄市鳳山區,|," $168,098 ",|
831,118062.8099,高雄市大寮區,,,|,831,|,高雄市大寮區,|," $118,063 ",|
832,88757.02479,高雄市林園區,,,|,832,|,高雄市林園區,|," $88,757 ",|
833,189485.9504,高雄市鳥松區,,,|,833,|,高雄市鳥松區,|," $189,486 ",|
840,123867.7686,高雄市大樹區,,,|,840,|,高雄市大樹區,|," $123,868 ",|
842,87418.18182,高雄市旗山區,,,|,842,|,高雄市旗山區,|," $87,418 ",|
843,93201.6529,高雄市美濃區,,,|,843,|,高雄市美濃區,|," $93,202 ",|
844,56628.09917,高雄市六龜區,,,|,844,|,高雄市六龜區,|," $56,628 ",|
845,111616.5289,高雄市內門區,,,|,845,|,高雄市內門區,|," $111,617 ",|
846,45490.90909,高雄市杉林區,,,|,846,|,高雄市杉林區,|," $45,491 ",|
847,42436.36364,高雄市甲仙區,,,|,847,|,高雄市甲仙區,|," $42,436 ",|
852,108866.1157,高雄市茄萣區,,,|,852,|,高雄市茄萣區,|," $108,866 ",|
880,140836.3636,澎湖縣馬公市,,,|,880,|,澎湖縣馬公市,|," $140,836 ",|
881,57900.82645,澎湖縣西嶼鄉,,,|,881,|,澎湖縣西嶼鄉,|," $57,901 ",|
882,53018.18182,澎湖縣望安鄉,,,|,882,|,澎湖縣望安鄉,|," $53,018 ",|
884,32717.35538,澎湖縣白沙鄉,,,|,884,|,澎湖縣白沙鄉,|," $32,717 ",|
885,87547.10744,澎湖縣湖西鄉,,,|,885,|,澎湖縣湖西鄉,|," $87,547 ",|
890,175514.0496,金門縣金沙鎮,,,|,890,|,金門縣金沙鎮,|," $175,514 ",|
891,192368.5951,金門縣金湖鎮,,,|,891,|,金門縣金湖鎮,|," $192,369 ",|
892,196355.3719,金門縣金寧鄉,,,|,892,|,金門縣金寧鄉,|," $196,355 ",|
893,201490.9091,金門縣金城鎮,,,|,893,|,金門縣金城鎮,|," $201,491 ",|
900,117277.686,屏東縣屏東市,,,|,900,|,屏東縣屏東市,|," $117,278 ",|
901,36459.50413,屏東縣三地門鄉,,,|,901,|,屏東縣三地門鄉,|," $36,460 ",|
903,48928.92562,屏東縣瑪家鄉,,,|,903,|,屏東縣瑪家鄉,|," $48,929 ",|
904,119662.8099,屏東縣九如鄉,,,|,904,|,屏東縣九如鄉,|," $119,663 ",|
905,107580.1653,屏東縣里港鄉,,,|,905,|,屏東縣里港鄉,|," $107,580 ",|
906,58462.80992,屏東縣高樹鄉,,,|,906,|,屏東縣高樹鄉,|," $58,463 ",|
907,70277.68595,屏東縣鹽埔鄉,,,|,907,|,屏東縣鹽埔鄉,|," $70,278 ",|
908,132869.4215,屏東縣長治鄉,,,|,908,|,屏東縣長治鄉,|," $132,869 ",|
909,116181.8182,屏東縣麟洛鄉,,,|,909,|,屏東縣麟洛鄉,|," $116,182 ",|
911,55246.28099,屏東縣竹田鄉,,,|,911,|,屏東縣竹田鄉,|," $55,246 ",|
912,110122.3141,屏東縣內埔鄉,,,|,912,|,屏東縣內埔鄉,|," $110,122 ",|
913,120385.124,屏東縣萬丹鄉,,,|,913,|,屏東縣萬丹鄉,|," $120,385 ",|
920,113814.876,屏東縣潮州鎮,,,|,920,|,屏東縣潮州鎮,|," $113,815 ",|
922,11193.38843,屏東縣來義鄉,,,|,922,|,屏東縣來義鄉,|," $11,193 ",|
923,48811.57025,屏東縣萬巒鄉,,,|,923,|,屏東縣萬巒鄉,|," $48,812 ",|
924,66049.58678,屏東縣崁頂鄉,,,|,924,|,屏東縣崁頂鄉,|," $66,050 ",|
925,47128.92562,屏東縣新埤鄉,,,|,925,|,屏東縣新埤鄉,|," $47,129 ",|
926,121957.0248,屏東縣南州鄉,,,|,926,|,屏東縣南州鄉,|," $121,957 ",|
927,67765.28926,屏東縣林邊鄉,,,|,927,|,屏東縣林邊鄉,|," $67,765 ",|
928,135325.6198,屏東縣東港鎮,,,|,928,|,屏東縣東港鎮,|," $135,326 ",|
929,95857.85126,屏東縣琉球鄉,,,|,929,|,屏東縣琉球鄉,|," $95,858 ",|
931,112575.2066,屏東縣佳冬鄉,,,|,931,|,屏東縣佳冬鄉,|," $112,575 ",|
932,83904.13223,屏東縣新園鄉,,,|,932,|,屏東縣新園鄉,|," $83,904 ",|
940,69208.26446,屏東縣枋寮鄉,,,|,940,|,屏東縣枋寮鄉,|," $69,208 ",|
941,32651.23967,屏東縣枋山鄉,,,|,941,|,屏東縣枋山鄉,|," $32,651 ",|
943,11738.84298,屏東縣獅子鄉,,,|,943,|,屏東縣獅子鄉,|," $11,739 ",|
944,93438.01653,屏東縣車城鄉,,,|,944,|,屏東縣車城鄉,|," $93,438 ",|
945,30981.81818,屏東縣牡丹鄉,,,|,945,|,屏東縣牡丹鄉,|," $30,982 ",|
946,122066.1157,屏東縣恆春鎮,,,|,946,|,屏東縣恆春鎮,|," $122,066 ",|
947,84909.09091,屏東縣滿州鄉,,,|,947,|,屏東縣滿州鄉,|," $84,909 ",|
950,126509.0909,臺東縣臺東市,,,|,950,|,臺東縣臺東市,|," $126,509 ",|
951,84925.61983,臺東縣綠島鄉,,,|,951,|,臺東縣綠島鄉,|," $84,926 ",|
954,70400,臺東縣卑南鄉,,,|,954,|,臺東縣卑南鄉,|," $70,400 ",|
955,120968.5951,臺東縣鹿野鄉,,,|,955,|,臺東縣鹿野鄉,|," $120,969 ",|
956,109424.7934,臺東縣關山鎮,,,|,956,|,臺東縣關山鎮,|," $109,425 ",|
958,126532.2314,臺東縣池上鄉,,,|,958,|,臺東縣池上鄉,|," $126,532 ",|
959,131723.967,臺東縣東河鄉,,,|,959,|,臺東縣東河鄉,|," $131,724 ",|
961,110426.4463,臺東縣成功鎮,,,|,961,|,臺東縣成功鎮,|," $110,426 ",|
962,97097.52066,臺東縣長濱鄉,,,|,962,|,臺東縣長濱鄉,|," $97,098 ",|
963,56932.2314,臺東縣太麻里,,,|,963,|,臺東縣太麻里,|," $56,932 ",|
965,57193.38843,臺東縣大武鄉,,,|,965,|,臺東縣大武鄉,|," $57,193 ",|
970,175381.8182,花蓮縣花蓮市,,,|,970,|,花蓮縣花蓮市,|," $175,382 ",|
971,156370.248,花蓮縣新城鄉,,,|,971,|,花蓮縣新城鄉,|," $156,370 ",|
972,97319.00826,花蓮縣秀林鄉,,,|,972,|,花蓮縣秀林鄉,|," $97,319 ",|
973,168155.3719,花蓮縣吉安鄉,,,|,973,|,花蓮縣吉安鄉,|," $168,155 ",|
974,87801.65289,花蓮縣壽豐鄉,,,|,974,|,花蓮縣壽豐鄉,|," $87,802 ",|
975,109603.3058,花蓮縣鳳林鎮,,,|,975,|,花蓮縣鳳林鎮,|," $109,603 ",|
976,75408.26446,花蓮縣光復鄉,,,|,976,|,花蓮縣光復鄉,|," $75,408 ",|
977,83033.05785,花蓮縣豐濱鄉,,,|,977,|,花蓮縣豐濱鄉,|," $83,033 ",|
978,91277.68595,花蓮縣瑞穗鄉,,,|,978,|,花蓮縣瑞穗鄉,|," $91,278 ",|
981,118968.595,花蓮縣玉里鎮,,,|,981,|,花蓮縣玉里鎮,|," $118,969 ",|
983,78261.15702,花蓮縣富里鄉,,,|,983,|,花蓮縣富里鄉,|," $78,261 ",|
